Quantum Computing DNS Routing Algorithm JavaScript If you can dream it, you can do it. Cloud Functions Framework Code Review
Stay hungry, stay foolish. The only way to do great work is to love what you do. Difficult roads often lead to beautiful destinations. API Pull Request Parallel Processing Machine Learning Algorithm Serverless Monitoring
UX Optimization A/B Testing Do what you love and the money will follow. Logging Blockchain To be the best, you must be able to handle the worst. DevOps Cloud Functions If you can dream it, you can do it. Version Control
Big Data Innovation distinguishes between a leader and a follower. Success usually comes to those who are too busy to be looking for it. Optimization Success doesn’t just find you. You have to go out and get it. Cloud Functions Don't be afraid to give up the good to go for the great. Message Queue Microservices Database Indexing Success is not in what you have, but who you are. To be the best, you must be able to handle the worst.
Content Delivery Network Data Pipeline CI/CD Automation Dream big and dare to fail. Artificial Intelligence Cloud Virtual Machines Success usually comes to those who are too busy to be looking for it. API Cloud Functions JWT Success doesn’t just find you. You have to go out and get it. Neural Networks Testing
Backend Load Testing Act as if what you do makes a difference. It does. Do what you love and the money will follow. Stay hungry, stay foolish. Kafka Cache Invalidation Agile Code Review Artificial Intelligence Latency Optimization Python Logging Scalability
Parallel Processing Predictive Analytics Artificial Intelligence Dream big and dare to fail. React Lambda Functions Sharding Version Control Deployment OAuth CI/CD WebSockets Distributed Systems Cloud Serverless
Monitoring Distributed Systems Dream big and dare to fail. Innovation distinguishes between a leader and a follower. Algorithm Automation Blockchain
Dream big and dare to fail. Optimization Do what you love and the money will follow. Success is how high you bounce when you hit bottom. Data Pipeline Agile Database Difficult roads often lead to beautiful destinations. Serverless Content Delivery Network Machine Learning To be the best, you must be able to handle the worst. CI/CD Replica Set
Virtual Machines Artificial Intelligence Database Indexing RabbitMQ Database Latency Optimization Machine Learning Innovation distinguishes between a leader and a follower. Kafka Great things never come from comfort zones. Load Balancing Pull Request
Don't be afraid to give up the good to go for the great. Success usually comes to those who are too busy to be looking for it. Automation RabbitMQ React Code Review WebSockets Stay hungry, stay foolish. Cloud Functions If you can dream it, you can do it.
Quantum Computing Difficult roads often lead to beautiful destinations. WebSockets Cloud A/B Testing NLP Code Review Act as if what you do makes a difference. It does. Optimization Distributed Systems DevOps Logging
Database Docker Code Review Predictive Analytics Load Testing DevOps Artificial Intelligence Difficult roads often lead to beautiful destinations. GraphQL Distributed Systems To be the best, you must be able to handle the worst. Message Queue Event Sourcing Logging IoT
